{"prob_0.9_delta_1": {"avgs": [[0.0016519999999999998, 0.006390833333333334, 0.014014, 0.024430499999999997, 0.037692333333333335, 0.05368766666666667, 0.07262716666666667, 0.09452366666666666, 0.11903383333333332, 0.14706483333333334, 0.22826350000000004, 0.32775516666666665, 0.44399533333333335, 0.5803373333333334], [0.050348833333333336, 0.0589975, 0.033783333333333325, 0.046267166666666665, 0.054171500000000004, 0.07050783333333333, 0.0809615, 0.10324300000000002, 0.11793366666666666, 0.14293783333333335, 0.1960645, 0.27714616666666664, 0.3642945, 0.46952449999999996], [0.04766, 0.0639815, 0.08383700000000001, 0.10514366666666668, 0.12210333333333334, 0.20153450000000003, 0.1777485, 0.2023218333333333, 0.18335349999999997, 0.21233316666666668, 0.33430933333333335, 0.4159001666666667, 0.5623701666666666, 0.6481713333333333], [0.001759, 0.004406166666666667, 0.0077336666666666665, 0.011507499999999999, 0.0182495, 0.02466233333333333, 0.030681, 0.039059333333333335, 0.050968999999999993, 0.058703666666666675, 0.0925825, 0.12543116666666668, 0.16861199999999998, 0.2375221666666667], [0.03696533333333333, 0.06248133333333333, 0.08049433333333332, 0.112331, 0.14782016666666667, 0.20997266666666667, 0.2688968333333333, 0.32858166666666666, 0.3436536666666667, 0.443626, 0.6707606666666667, 0.9282641666666667, 1.157614, 1.580159833333333]], "vertices": [1000, 2000, 3000, 4000, 5000, 6000, 7000, 8000, 9000, 10000, 12500, 15000, 17500, 20000]}, "prob_0.9_delta_60": {"avgs": [[0.0016108333333333333, 0.006256166666666667, 0.012638833333333334, 0.021306166666666664, 0.032248, 0.046719666666666666, 0.06323716666666666, 0.08229399999999999, 0.10404683333333335, 0.12804583333333333, 0.19885316666666666, 0.28318766666666667, 0.3864958333333333, 0.5010873333333333], [0.003437333333333334, 0.006467666666666667, 0.015317833333333334, 0.022471833333333333, 0.0392365, 0.0482015, 0.06497599999999999, 0.084252, 0.12424383333333333, 0.13107133333333332, 0.2378866666666667, 0.34169483333333334, 0.46345133333333327, 0.5161140000000001], [0.004687, 0.009493166666666665, 0.015917, 0.022869666666666667, 0.03260733333333334, 0.044794499999999994, 0.05674716666666666, 0.07587716666666668, 0.090949, 0.11701433333333333, 0.18817516666666667, 0.2760336666666667, 0.38803933333333335, 0.49068466666666666], [0.0008681666666666667, 0.003877666666666666, 0.006421166666666666, 0.010948166666666667, 0.01666933333333333, 0.023770333333333334, 0.032122333333333336, 0.04197283333333333, 0.05280233333333333, 0.06490766666666667, 0.10068200000000001, 0.14472716666666666, 0.1963905, 0.25586499999999995], [0.013435166666666666, 0.038128166666666664, 0.05589166666666667, 0.0844665, 0.11226816666666667, 0.15649016666666665, 0.207526, 0.26793883333333335, 0.29979566666666674, 0.385631, 0.6022525, 0.8684016666666667, 1.1273213333333334, 1.5444094999999998]], "vertices": [1000, 2000, 3000, 4000, 5000, 6000, 7000, 8000, 9000, 10000, 12500, 15000, 17500, 20000]}, "prob_0.9_delta_100": {"avgs": [[0.0016191666666666665, 0.0064695, 0.013258333333333332, 0.022662, 0.03529833333333333, 0.04980983333333333, 0.06754933333333334, 0.08781716666666667, 0.11045766666666666, 0.13689733333333332, 0.21249350000000003, 0.30452883333333336, 0.41671400000000003, 0.5400391666666667], [0.0036968333333333332, 0.0066001666666666665, 0.017044, 0.025697333333333332, 0.04470416666666666, 0.05561533333333333, 0.07644016666666667, 0.08400266666666667, 0.14140416666666664, 0.15223966666666666, 0.2711171666666667, 0.38900833333333334, 0.5277346666666667, 0.6018631666666666], [0.005073333333333333, 0.009992666666666667, 0.0174595, 0.024187333333333328, 0.03556, 0.04646666666666666, 0.05948483333333333, 0.07742866666666666, 0.09023033333333334, 0.109416, 0.16970183333333333, 0.2503991666666667, 0.3781366666666666, 0.4730668333333334], [0.0018578333333333335, 0.004162166666666667, 0.007094333333333334, 0.012300833333333332, 0.019060499999999998, 0.027316833333333335, 0.036678666666666665, 0.04766683333333333, 0.06024766666666667, 0.07408783333333334, 0.1151205, 0.16516633333333333, 0.22360100000000002, 0.2931698333333333], [0.014420333333333334, 0.03578833333333333, 0.058299333333333335, 0.087598, 0.11758133333333333, 0.15730466666666665, 0.21079116666666667, 0.26628583333333333, 0.29721016666666666, 0.3905255, 0.5982486666666667, 0.8602924999999999, 1.0977003333333333, 1.5111611666666667]], "vertices": [1000, 2000, 3000, 4000, 5000, 6000, 7000, 8000, 9000, 10000, 12500, 15000, 17500, 20000]}}