{"prob_0.1_delta_20": {"avgs": [[0.00022899999999999996, 0.000846, 0.0018434999999999999, 0.0034853333333333333, 0.004970333333333333, 0.007046833333333333, 0.010178166666666667, 0.012962333333333334, 0.015885333333333335, 0.018955666666666666, 0.0288755, 0.04238533333333333, 0.05559450000000001, 0.0712875, 0.10769466666666667], [0.004198166666666667, 0.007588666666666666, 0.016261333333333333, 0.0237815, 0.03968866666666667, 0.04932883333333333, 0.07616483333333333, 0.08474766666666667, 0.113693, 0.11681466666666666, 0.21270266666666662, 0.3090526666666667, 0.39762283333333337, 0.4277781666666667, 0.7971276666666666], [0.009647333333333334, 0.014718, 0.02151866666666667, 0.028503166666666663, 0.04107416666666667, 0.051994833333333344, 0.06418866666666666, 0.08167133333333333, 0.09711833333333332, 0.11926349999999998, 0.1747348333333333, 0.259695, 0.3838608333333333, 0.4838331666666667, 0.7938495], [0.0009731666666666666, 0.007348333333333334, 0.0076215, 0.014053000000000001, 0.019892333333333335, 0.028647999999999996, 0.039140666666666664, 0.04936533333333334, 0.06283333333333334, 0.07655016666666666, 0.11980116666666667, 0.1733465, 0.22785299999999997, 0.2956913333333333, 0.4597556666666667], [0.012742000000000002, 0.03381283333333333, 0.06444766666666667, 0.11492166666666666, 0.17144816666666665, 0.23397016666666667, 0.261142, 0.34058416666666663, 0.3049195, 0.281374, 0.27008716666666666, 0.21331683333333332, 0.215019, 0.17428383333333333, 0.21585116666666668]], "vertices": [1000, 2000, 3000, 4000, 5000, 6000, 7000, 8000, 9000, 10000, 12500, 15000, 17500, 20000, 25000]}, "prob_0.1_delta_50": {"avgs": [[0.00027399999999999994, 0.0009225, 0.0022303333333333337, 0.0035905, 0.005684000000000001, 0.0082485, 0.010490833333333333, 0.012864833333333334, 0.015752333333333337, 0.01995833333333333, 0.031509166666666664, 0.0431645, 0.05567433333333333, 0.07287249999999999, 0.11538883333333333], [0.0034246666666666674, 0.007304500000000001, 0.016338000000000002, 0.023367333333333334, 0.03970016666666667, 0.04462783333333333, 0.07066583333333333, 0.07644766666666666, 0.11406166666666667, 0.11820599999999999, 0.21188883333333333, 0.29329333333333335, 0.39149833333333334, 0.4265481666666667, 0.7949686666666667], [0.009384666666666668, 0.0154585, 0.022406833333333334, 0.028535666666666668, 0.043162, 0.053552333333333334, 0.06373916666666667, 0.08237716666666667, 0.09996333333333333, 0.11540266666666667, 0.17822633333333335, 0.2523936666666666, 0.37102683333333336, 0.46908400000000006, 0.7978793333333333], [0.003794, 0.004164666666666666, 0.008847666666666665, 0.014637666666666667, 0.021835666666666666, 0.0308775, 0.04126233333333334, 0.052045833333333326, 0.06548733333333333, 0.08173666666666667, 0.12311483333333334, 0.17227333333333336, 0.22877900000000004, 0.30002899999999993, 0.45768766666666666], [0.012553166666666666, 0.034550000000000004, 0.052300000000000006, 0.062363333333333326, 0.06718133333333333, 0.07781300000000001, 0.08411983333333332, 0.10042449999999999, 0.10434499999999998, 0.13071716666666666, 0.17734333333333333, 0.2273821666666667, 0.25963716666666664, 0.33710483333333335, 0.4487223333333333]], "vertices": [1000, 2000, 3000, 4000, 5000, 6000, 7000, 8000, 9000, 10000, 12500, 15000, 17500, 20000, 25000]}, "prob_0.1_delta_80": {"avgs": [[0.00028933333333333334, 0.0008916666666666666, 0.0021165, 0.004223, 0.006075333333333333, 0.0079045, 0.011799666666666667, 0.014897833333333332, 0.017732333333333333, 0.020708166666666666, 0.03176416666666667, 0.04683716666666666, 0.05913683333333333, 0.07501600000000001, 0.1145235], [0.0033501666666666662, 0.0063574999999999994, 0.015049, 0.022651333333333332, 0.03974933333333334, 0.04542516666666666, 0.07255533333333335, 0.07835916666666666, 0.11644416666666667, 0.11838716666666667, 0.21709933333333334, 0.30943183333333335, 0.39936083333333333, 0.42969516666666663, 0.786816], [0.009283333333333334, 0.013758833333333333, 0.02220616666666667, 0.030145500000000002, 0.043321333333333344, 0.05103716666666667, 0.06522216666666666, 0.09023966666666666, 0.10301266666666666, 0.1182705, 0.18128933333333333, 0.2551831666666667, 0.3684351666666667, 0.47284433333333337, 0.7919855], [0.0012131666666666666, 0.003952000000000001, 0.008970833333333332, 0.014877, 0.02230583333333333, 0.030595, 0.04200283333333333, 0.05355183333333333, 0.06795516666666666, 0.081246, 0.12572800000000003, 0.1768495, 0.23161316666666668, 0.2982335, 0.4664675], [0.010941833333333333, 0.020093666666666666, 0.023293000000000005, 0.029552166666666668, 0.0290435, 0.0290755, 0.03922766666666667, 0.040986666666666664, 0.04999933333333334, 0.05341166666666666, 0.06874233333333334, 0.10091833333333333, 0.1188875, 0.13747216666666667, 0.20270616666666666]], "vertices": [1000, 2000, 3000, 4000, 5000, 6000, 7000, 8000, 9000, 10000, 12500, 15000, 17500, 20000, 25000]}, "prob_0.5_delta_20": {"avgs": [[0.0008623333333333333, 0.0035188333333333334, 0.008133833333333331, 0.013892166666666669, 0.020770833333333332, 0.0304345, 0.0401545, 0.05208016666666667, 0.06448, 0.07790649999999999, 0.12184550000000001, 0.17347816666666668, 0.23358333333333334, 0.30092250000000004, 0.46937100000000004], [0.0036383333333333333, 0.006338333333333332, 0.013202666666666666, 0.018088000000000003, 0.0314845, 0.03564733333333333, 0.055148333333333334, 0.059061166666666665, 0.08796550000000002, 0.08477716666666667, 0.15900116666666667, 0.22175216666666664, 0.29302350000000005, 0.28646283333333333, 0.5773043333333333], [0.0079195, 0.012026833333333334, 0.020794000000000003, 0.029362666666666665, 0.043674, 0.05507066666666668, 0.06708866666666667, 0.08117733333333334, 0.09556733333333334, 0.11689716666666666, 0.1717945, 0.24833083333333336, 0.35891116666666667, 0.4518575, 0.7946114999999999], [0.0010290000000000002, 0.004565666666666667, 0.0069978333333333325, 0.011912666666666667, 0.018002166666666666, 0.024977833333333335, 0.031973166666666664, 0.04225366666666667, 0.05085733333333334, 0.06183483333333334, 0.09143966666666666, 0.12736166666666668, 0.16912266666666664, 0.2168535, 0.33372433333333335], [0.013519499999999999, 0.03505883333333333, 0.061540333333333336, 0.08256433333333334, 0.09925766666666667, 0.12346400000000002, 0.15351916666666668, 0.195238, 0.2254745, 0.22584916666666663, 0.34027549999999995, 0.4214715, 0.504063, 0.5566808333333334, 0.7239538333333333]], "vertices": [1000, 2000, 3000, 4000, 5000, 6000, 7000, 8000, 9000, 10000, 12500, 15000, 17500, 20000, 25000]}, "prob_0.5_delta_50": {"avgs": [[0.0009123333333333335, 0.0036335, 0.008122833333333334, 0.013108666666666664, 0.0201345, 0.028317833333333337, 0.03832433333333333, 0.046350833333333334, 0.06058266666666667, 0.07146833333333334, 0.10944633333333333, 0.15420699999999998, 0.20862083333333334, 0.2709633333333333, 0.4213773333333333], [0.0026135, 0.005629833333333334, 0.012951166666666666, 0.016368333333333332, 0.030941833333333335, 0.03485016666666667, 0.055549499999999995, 0.05715033333333333, 0.08959133333333334, 0.08124666666666668, 0.15887016666666667, 0.22397200000000003, 0.270877, 0.3078915, 0.6172658333333333], [0.006568333333333333, 0.012097833333333334, 0.0177545, 0.024197999999999997, 0.034998499999999995, 0.0493885, 0.06355483333333334, 0.07996233333333333, 0.09900116666666665, 0.12323233333333333, 0.189105, 0.25984500000000005, 0.368865, 0.4519735000000001, 0.8180221666666666], [0.0033396666666666666, 0.0034478333333333336, 0.007181, 0.011433333333333335, 0.01730733333333333, 0.02428066666666667, 0.032835333333333334, 0.04058699999999999, 0.051796, 0.06053483333333332, 0.09262683333333332, 0.12936933333333334, 0.17531799999999997, 0.22814683333333333, 0.355818], [0.01453116666666667, 0.034360999999999996, 0.06789, 0.10756966666666667, 0.17059483333333333, 0.2393801666666667, 0.30243366666666666, 0.3671996666666666, 0.4209228333333334, 0.47525749999999994, 0.6158291666666668, 0.7604486666666666, 0.8848296666666666, 1.0658458333333334, 1.4596453333333332]],